<?xml version="1.0" encoding="UTF-8"?>
    <addon id="repository.kodistream.adult" name="KodiStream Adult Addons Repository" version="1.0" provider-name="KodiStream">
        <requires>
            <import addon="xbmc.addon" version="12.0.0"/>
        </requires>
        <extension point="xbmc.addon.repository" name="KodiStream Adult Addons Repository">
            <info compressed="false">https://raw.githubusercontent.com/KodiStream/xbmc-adult-addons/master/addons.xml</info>
            <checksum>https://raw.githubusercontent.com/KodiStream/xbmc-adult-addons/master/addons.xml.md5</checksum>
            <datadir zip="true">https://raw.githubusercontent.com/KodiStream/xbmc-adult-addons/master/repo/</datadir>
            <hashes>false</hashes>
        </extension>
        <extension point="xbmc.addon.metadata">
            <summary>KodiStream Adult Addons Repository</summary>
            <description>KodiStream Repository to install Adult Stream Addon</description>
            <platform>all</platform>
    </extension>
</addon>